date,volume,page
1985-11-18,1,22
1985-11-19,1,22
1985-11-20,1,22
1985-11-21,1,23
1985-11-22,1,23
1985-11-23,1,23
1985-11-24,1,24
1985-11-25,1,25
1985-11-26,1,25
1985-11-27,1,25
1985-11-28,1,26
1985-11-29,1,26
1985-11-30,1,26
1985-12-01,1,27
1985-12-02,1,28
1985-12-03,1,28
1985-12-04,1,28
1985-12-05,1,29
1985-12-06,1,29
1985-12-07,1,29
1985-12-08,1,30
1985-12-09,1,31
1985-12-10,1,31
1985-12-11,1,31
1985-12-12,1,32
1985-12-13,1,32
1985-12-14,1,32
1985-12-15,1,33
1985-12-16,1,34
1985-12-17,1,34
1985-12-18,1,34
1985-12-19,1,35
1985-12-20,1,35
1985-12-21,1,35
1985-12-22,1,36
1985-12-23,1,37
1985-12-24,1,37
1985-12-25,1,37
1985-12-26,1,38
1985-12-27,1,38
1985-12-28,1,38
1985-12-29,1,39
1985-12-30,1,40
1985-12-31,1,40
1986-01-01,1,40
1986-01-02,1,41
1986-01-03,1,41
1986-01-04,1,41
1986-01-05,1,42
1986-01-06,1,43
1986-01-07,1,43
1986-01-08,1,43
1986-01-09,1,44
1986-01-10,1,44
1986-01-11,1,44
1986-01-12,1,45
1986-01-13,1,46
1986-01-14,1,46
1986-01-15,1,46
1986-01-16,1,47
1986-01-17,1,47
1986-01-18,1,47
1986-01-19,1,48
1986-01-20,1,49
1986-01-21,1,49
1986-01-22,1,49
1986-01-23,1,50
1986-01-24,1,50
1986-01-25,1,50
1986-01-26,1,51
1986-01-27,1,52
1986-01-28,1,52
1986-01-29,1,52
1986-01-30,1,53
1986-01-31,1,53
1986-02-01,1,53
1986-02-02,1,54
1986-02-03,1,55
1986-02-04,1,55
1986-02-05,1,55
1986-02-06,1,56
1986-02-07,1,56
1986-02-08,1,56
1986-02-09,1,57
1986-02-10,1,58
1986-02-11,1,58
1986-02-12,1,58
1986-02-13,1,59
1986-02-14,1,59
1986-02-15,1,59
1986-02-16,1,60
1986-02-17,1,61
1986-02-18,1,61
1986-02-19,1,61
1986-02-20,1,62
1986-02-21,1,62
1986-02-22,1,62
1986-02-23,1,63
1986-02-24,1,64
1986-02-25,1,64
1986-02-26,1,64
1986-02-27,1,65
1986-02-28,1,65
1986-03-01,1,65
1986-03-02,1,66
1986-03-03,1,67
1986-03-04,1,67
1986-03-05,1,67
1986-03-06,1,68
1986-03-07,1,68
1986-03-08,1,68
1986-03-09,1,69
1986-03-10,1,70
1986-03-11,1,70
1986-03-12,1,70
1986-03-13,1,71
1986-03-14,1,71
1986-03-15,1,71
1986-03-16,1,72
1986-03-17,1,73
1986-03-18,1,73
1986-03-19,1,73
1986-03-20,1,74
1986-03-21,1,74
1986-03-22,1,74
1986-03-23,1,75
1986-03-24,1,76
1986-03-25,1,76
1986-03-26,1,76
1986-03-27,1,77
1986-03-28,1,77
1986-03-29,1,77
1986-03-30,1,78
1986-03-31,1,79
1986-04-01,1,79
1986-04-02,1,79
1986-04-03,1,80
1986-04-04,1,80
1986-04-05,1,80
1986-04-06,1,81
1986-04-07,1,82
1986-04-08,1,82
1986-04-09,1,82
1986-04-10,1,83
1986-04-11,1,83
1986-04-12,1,83
1986-04-13,1,84
1986-04-14,1,85
1986-04-15,1,85
1986-04-16,1,85
1986-04-17,1,86
1986-04-18,1,86
1986-04-19,1,86
1986-04-20,1,87
1986-04-21,1,88
1986-04-22,1,88
1986-04-23,1,88
1986-04-24,1,89
1986-04-25,1,89
1986-04-26,1,89
1986-04-27,1,90
1986-04-28,1,92
1986-04-29,1,92
1986-04-30,1,92
1986-05-01,1,93
1986-05-02,1,93
1986-05-03,1,93
1986-05-04,1,94
1986-05-05,1,95
1986-05-06,1,95
1986-05-07,1,95
1986-05-08,1,96
1986-05-09,1,96
1986-05-10,1,96
1986-05-11,1,97
1986-05-12,1,98
1986-05-13,1,98
1986-05-14,1,98
1986-05-15,1,99
1986-05-16,1,99
1986-05-17,1,99
1986-05-18,1,100
1986-05-19,1,101
1986-05-20,1,101
1986-05-21,1,101
1986-05-22,1,102
1986-05-23,1,102
1986-05-24,1,102
1986-05-25,1,103
1986-05-26,1,104
1986-05-27,1,104
1986-05-28,1,104
1986-05-29,1,105
1986-05-30,1,105
1986-05-31,1,105
1986-06-01,1,106
1986-06-02,1,107
1986-06-03,1,107
1986-06-04,1,107
1986-06-05,1,108
1986-06-06,1,108
1986-06-07,1,108
1986-06-08,1,109
1986-06-09,1,110
1986-06-10,1,110
1986-06-11,1,110
1986-06-12,1,111
1986-06-13,1,111
1986-06-14,1,111
1986-06-15,1,112
1986-06-16,1,113
1986-06-17,1,113
1986-06-18,1,113
1986-06-19,1,114
1986-06-20,1,114
1986-06-21,1,114
1986-06-22,1,115
1986-06-23,1,116
1986-06-24,1,116
1986-06-25,1,116
1986-06-26,1,117
1986-06-27,1,117
1986-06-28,1,117
1986-06-29,1,118
1986-06-30,1,119
1986-07-01,1,119
1986-07-02,1,119
1986-07-03,1,120
1986-07-04,1,120
1986-07-05,1,120
1986-07-06,1,121
1986-07-07,1,122
1986-07-08,1,122
1986-07-09,1,122
1986-07-10,1,123
1986-07-11,1,123
1986-07-12,1,123
1986-07-13,1,124
1986-07-14,1,125
1986-07-15,1,125
1986-07-16,1,125
1986-07-17,1,126
1986-07-18,1,126
1986-07-19,1,126
1986-07-20,1,127
1986-07-21,1,128
1986-07-22,1,128
1986-07-23,1,128
1986-07-24,1,129
1986-07-25,1,129
1986-07-26,1,129
1986-07-27,1,130
1986-07-28,1,132
1986-07-29,1,132
1986-07-30,1,132
1986-07-31,1,133
1986-08-01,1,133
1986-08-02,1,133
1986-08-03,1,134
1986-08-04,1,135
1986-08-05,1,135
1986-08-06,1,135
1986-08-07,1,136
1986-08-08,1,136
1986-08-09,1,136
1986-08-10,1,137
1986-08-11,1,138
1986-08-12,1,138
1986-08-13,1,138
1986-08-14,1,139
1986-08-15,1,139
1986-08-16,1,139
1986-08-17,1,140
1986-08-18,1,141
1986-08-19,1,141
1986-08-20,1,141
1986-08-21,1,142
1986-08-22,1,142
1986-08-23,1,142
1986-08-24,1,143
1986-08-25,1,145
1986-08-26,1,145
1986-08-27,1,145
1986-08-28,1,146
1986-08-29,1,146
1986-08-30,1,146
1986-08-31,1,147
1986-09-01,1,148
1986-09-02,1,148
1986-09-03,1,148
1986-09-04,1,149
1986-09-05,1,149
1986-09-06,1,149
1986-09-07,1,150
1986-09-08,1,151
1986-09-09,1,151
1986-09-10,1,151
1986-09-11,1,152
1986-09-12,1,152
1986-09-13,1,152
1986-09-14,1,153
1986-09-15,1,154
1986-09-16,1,154
1986-09-17,1,154
1986-09-18,1,155
1986-09-19,1,155
1986-09-20,1,155
1986-09-21,1,157
1986-09-22,1,158
1986-09-23,1,158
1986-09-24,1,158
1986-09-25,1,159
1986-09-26,1,159
1986-09-27,1,159
1986-09-28,1,160
1986-09-29,1,161
1986-09-30,1,161
1986-10-01,1,161
1986-10-02,1,162
1986-10-03,1,162
1986-10-04,1,162
1986-10-05,1,163
1986-10-06,1,164
1986-10-07,1,164
1986-10-08,1,164
1986-10-09,1,165
1986-10-10,1,165
1986-10-11,1,165
1986-10-12,1,166
1986-10-13,1,167
1986-10-14,1,167
1986-10-15,1,167
1986-10-16,1,168
1986-10-17,1,168
1986-10-18,1,168
1986-10-19,1,169
1986-10-20,1,170
1986-10-21,1,170
1986-10-22,1,170
1986-10-23,1,171
1986-10-24,1,171
1986-10-25,1,171
1986-10-26,1,172
1986-10-27,1,173
1986-10-28,1,173
1986-10-29,1,173
1986-10-30,1,174
1986-10-31,1,174
1986-11-01,1,174
1986-11-02,1,175
1986-11-03,1,176
1986-11-04,1,176
1986-11-05,1,176
1986-11-06,1,177
1986-11-07,1,177
1986-11-08,1,177
1986-11-09,1,178
1986-11-10,1,179
1986-11-11,1,179
1986-11-12,1,179
1986-11-13,1,180
1986-11-14,1,180
1986-11-15,1,180
1986-11-16,1,181
1986-11-17,1,182
1986-11-18,1,182
1986-11-19,1,182
1986-11-20,1,183
1986-11-21,1,183
1986-11-22,1,183
1986-11-23,1,184
1986-11-24,1,185
1986-11-25,1,185
1986-11-26,1,185
1986-11-27,1,186
1986-11-28,1,186
1986-11-29,1,186
1986-11-30,1,187
1986-12-01,1,188
1986-12-02,1,188
1986-12-03,1,188
1986-12-04,1,189
1986-12-05,1,189
1986-12-06,1,189
1986-12-07,1,190
1986-12-08,1,191
1986-12-09,1,191
1986-12-10,1,191
1986-12-11,1,192
1986-12-12,1,192
1986-12-13,1,192
1986-12-14,1,193
1986-12-15,1,194
1986-12-16,1,194
1986-12-17,1,194
1986-12-18,1,195
1986-12-19,1,195
1986-12-20,1,195
1986-12-21,1,196
1986-12-22,1,197
1986-12-23,1,197
1986-12-24,1,197
1986-12-25,1,198
1986-12-26,1,198
1986-12-27,1,198
1986-12-28,1,199
1986-12-29,1,200
1986-12-30,1,200
1986-12-31,1,200
1987-01-01,1,213
1987-01-02,1,213
1987-01-03,1,213
1987-01-04,1,214
1987-01-05,1,215
1987-01-06,1,215
1987-01-07,1,215
1987-01-08,1,216
1987-01-09,1,216
1987-01-10,1,216
1987-01-11,1,217
1987-01-12,1,218
1987-01-13,1,218
1987-01-14,1,218
1987-01-15,1,219
1987-01-16,1,219
1987-01-17,1,219
1987-01-18,1,220
1987-01-19,1,221
1987-01-20,1,221
1987-01-21,1,221
1987-01-22,1,222
1987-01-23,1,222
1987-01-24,1,222
1987-01-25,1,223
1987-01-26,1,224
1987-01-27,1,224
1987-01-28,1,224
1987-01-29,1,225
1987-01-30,1,225
1987-01-31,1,225
1987-02-01,1,226
1987-02-02,1,227
1987-02-03,1,227
1987-02-04,1,227
1987-02-05,1,228
1987-02-06,1,228
1987-02-07,1,228
1987-02-08,1,229
1987-02-09,1,230
1987-02-10,1,230
1987-02-11,1,230
1987-02-12,1,231
1987-02-13,1,231
1987-02-14,1,231
1987-02-15,1,232
1987-02-16,1,233
1987-02-17,1,233
1987-02-18,1,233
1987-02-19,1,234
1987-02-20,1,234
1987-02-21,1,234
1987-02-22,1,235
1987-02-23,1,236
1987-02-24,1,236
1987-02-25,1,236
1987-02-26,1,237
1987-02-27,1,237
1987-02-28,1,237
1987-03-01,1,238
1987-03-02,1,239
1987-03-03,1,239
1987-03-04,1,239
1987-03-05,1,240
1987-03-06,1,240
1987-03-07,1,240
1987-03-08,1,241
1987-03-09,1,242
1987-03-10,1,242
1987-03-11,1,242
1987-03-12,1,243
1987-03-13,1,243
1987-03-14,1,243
1987-03-15,1,244
1987-03-16,1,245
1987-03-17,1,245
1987-03-18,1,245
1987-03-19,1,246
1987-03-20,1,246
1987-03-21,1,246
1987-03-22,1,247
1987-03-23,1,248
1987-03-24,1,248
1987-03-25,1,248
1987-03-26,1,249
1987-03-27,1,249
1987-03-28,1,249
1987-03-29,1,250
1987-03-30,1,251
1987-03-31,1,251
1987-04-01,1,251
1987-04-02,1,252
1987-04-03,1,252
1987-04-04,1,252
1987-04-05,1,253
1987-04-06,1,254
1987-04-07,1,254
1987-04-08,1,254
1987-04-09,1,255
1987-04-10,1,255
1987-04-11,1,255
1987-04-12,1,256
1987-04-13,1,257
1987-04-14,1,257
1987-04-15,1,257
1987-04-16,1,258
1987-04-17,1,258
1987-04-18,1,258
1987-04-19,1,259
1987-04-20,1,260
1987-04-21,1,260
1987-04-22,1,260
1987-04-23,1,261
1987-04-24,1,261
1987-04-25,1,261
1987-04-26,1,262
1987-04-27,1,263
1987-04-28,1,263
1987-04-29,1,263
1987-04-30,1,264
1987-05-01,1,264
1987-05-02,1,264
1987-05-03,1,266
1987-05-04,1,267
1987-05-05,1,267
1987-05-06,1,267
1987-05-07,1,268
1987-05-08,1,268
1987-05-09,1,268
1987-05-10,1,270
1987-05-11,1,271
1987-05-12,1,271
1987-05-13,1,271
1987-05-14,1,272
1987-05-15,1,272
1987-05-16,1,272
1987-05-17,1,273
1987-05-18,1,274
1987-05-19,1,274
1987-05-20,1,274
1987-05-21,1,275
1987-05-22,1,275
1987-05-23,1,275
1987-05-24,1,276
1987-05-25,1,277
1987-05-26,1,277
1987-05-27,1,277
1987-05-28,1,278
1987-05-29,1,278
1987-05-30,1,278
1987-05-31,1,279
1987-06-01,1,280
1987-06-02,1,280
1987-06-03,1,280
1987-06-04,1,281
1987-06-05,1,281
1987-06-06,1,281
1987-06-07,1,282
1987-06-08,1,283
1987-06-09,1,283
1987-06-10,1,283
1987-06-11,1,284
1987-06-12,1,284
1987-06-13,1,284
1987-06-14,1,285
1987-06-15,1,286
1987-06-16,1,286
1987-06-17,1,286
1987-06-18,1,287
1987-06-19,1,287
1987-06-20,1,287
1987-06-21,1,288
1987-06-22,1,289
1987-06-23,1,289
1987-06-24,1,289
1987-06-25,1,290
1987-06-26,1,290
1987-06-27,1,290
1987-06-28,1,291
1987-06-29,1,292
1987-06-30,1,292
1987-07-01,1,292
1987-07-02,1,293
1987-07-03,1,293
1987-07-04,1,293
1987-07-05,1,294
1987-07-06,1,295
1987-07-07,1,295
1987-07-08,1,295
1987-07-09,1,296
1987-07-10,1,296
1987-07-11,1,296
1987-07-12,1,297
1987-07-13,1,298
1987-07-14,1,298
1987-07-15,1,298
1987-07-16,1,299
1987-07-17,1,299
1987-07-18,1,299
1987-07-19,1,300
1987-07-20,1,301
1987-07-21,1,301
1987-07-22,1,301
1987-07-23,1,302
1987-07-24,1,302
1987-07-25,1,302
1987-07-26,1,303
1987-07-27,1,304
1987-07-28,1,304
1987-07-29,1,304
1987-07-30,1,305
1987-07-31,1,305
1987-08-01,1,305
1987-08-02,1,306
1987-08-03,1,307
1987-08-04,1,307
1987-08-05,1,307
1987-08-06,1,308
1987-08-07,1,308
1987-08-08,1,308
1987-08-09,1,309
1987-08-10,1,310
1987-08-11,1,310
1987-08-12,1,310
1987-08-13,1,311
1987-08-14,1,311
1987-08-15,1,311
1987-08-16,1,312
1987-08-17,1,313
1987-08-18,1,313
1987-08-19,1,313
1987-08-20,1,314
1987-08-21,1,314
1987-08-22,1,314
1987-08-23,1,315
1987-08-24,1,316
1987-08-25,1,316
1987-08-26,1,316
1987-08-27,1,317
1987-08-28,1,317
1987-08-29,1,317
1987-08-30,1,318
1987-08-31,1,319
1987-09-01,1,319
1987-09-02,1,319
1987-09-03,1,320
1987-09-04,1,320
1987-09-05,1,320
1987-09-06,1,321
1987-09-07,1,322
1987-09-08,1,322
1987-09-09,1,322
1987-09-10,1,323
1987-09-11,1,323
1987-09-12,1,323
1987-09-13,1,324
1987-09-14,1,326
1987-09-15,1,326
1987-09-16,1,326
1987-09-17,1,327
1987-09-18,1,327
1987-09-19,1,327
1987-09-20,1,328
1987-09-21,1,329
1987-09-22,1,329
1987-09-23,1,329
1987-09-24,1,330
1987-09-25,1,330
1987-09-26,1,330
1987-09-27,1,331
1987-09-28,1,332
1987-09-29,1,332
1987-09-30,1,332
1987-10-01,1,334
1987-10-02,1,334
1987-10-03,1,334
1987-10-04,1,335
1987-10-05,1,336
1987-10-06,1,336
1987-10-07,1,336
1987-10-08,1,337
1987-10-09,1,337
1987-10-10,1,337
1987-10-11,1,338
1987-10-12,1,339
1987-10-13,1,339
1987-10-14,1,339
1987-10-15,1,340
1987-10-16,1,340
1987-10-17,1,340
1987-10-18,1,341
1987-10-19,1,342
1987-10-20,1,342
1987-10-21,1,342
1987-10-22,1,343
1987-10-23,1,343
1987-10-24,1,343
1987-10-25,1,344
1987-10-26,1,345
1987-10-27,1,345
1987-10-28,1,345
1987-10-29,1,346
1987-10-30,1,346
1987-10-31,1,346
1987-11-01,1,347
1987-11-02,1,348
1987-11-03,1,348
1987-11-04,1,348
1987-11-05,1,349
1987-11-06,1,349
1987-11-07,1,349
1987-11-08,1,350
1987-11-09,1,351
1987-11-10,1,351
1987-11-11,1,351
1987-11-12,1,352
1987-11-13,1,352
1987-11-14,1,352
1987-11-15,1,353
1987-11-16,1,354
1987-11-17,1,354
1987-11-18,1,354
1987-11-19,1,355
1987-11-20,1,355
1987-11-21,1,355
1987-11-22,1,356
1987-11-23,1,357
1987-11-24,1,357
1987-11-25,1,357
1987-11-26,1,358
1987-11-27,1,358
1987-11-28,1,358
1987-11-29,1,359
1987-11-30,1,360
1987-12-01,1,360
1987-12-02,1,360
1987-12-03,1,361
1987-12-04,1,361
1987-12-05,1,361
1987-12-06,1,362
1987-12-07,1,363
1987-12-08,1,363
1987-12-09,1,363
1987-12-10,1,364
1987-12-11,1,364
1987-12-12,1,364
1987-12-13,1,365
1987-12-14,1,366
1987-12-15,1,366
1987-12-16,1,366
1987-12-17,1,367
1987-12-18,1,367
1987-12-19,1,367
1987-12-20,1,368
1987-12-21,1,369
1987-12-22,1,369
1987-12-23,1,369
1987-12-24,1,370
1987-12-25,1,370
1987-12-26,1,370
1987-12-27,1,371
1987-12-28,1,372
1987-12-29,1,372
1987-12-30,1,372
1987-12-31,1,373
1988-01-01,1,373
1988-01-02,1,373
1988-01-03,1,374
1988-01-04,1,375
1988-01-05,1,375
1988-01-06,1,375
1988-01-07,1,376
1988-01-08,1,376
1988-01-09,1,376
1988-01-10,1,377
1988-01-11,1,378
1988-01-12,1,378
1988-01-13,1,378
1988-01-14,1,379
1988-01-15,1,379
1988-01-16,1,379
1988-01-17,1,380
1988-01-18,1,381
1988-01-19,1,381
1988-01-20,1,381
1988-01-21,1,383
1988-01-22,1,383
1988-01-23,1,383
1988-01-24,1,384
1988-01-25,1,385
1988-01-26,1,385
1988-01-27,1,385
1988-01-28,1,386
1988-01-29,1,386
1988-01-30,1,386
1988-01-31,1,387
1988-02-01,1,388
1988-02-02,1,388
1988-02-03,1,388
1988-02-04,1,389
1988-02-05,1,389
1988-02-06,1,389
1988-02-07,1,390
1988-02-08,1,391
1988-02-09,1,391
1988-02-10,1,391
1988-02-11,1,392
1988-02-12,1,392
1988-02-13,1,392
1988-02-14,1,393
1988-02-15,1,394
1988-02-16,1,394
1988-02-17,1,394
1988-02-18,1,395
1988-02-19,1,395
1988-02-20,1,395
1988-02-21,1,396
1988-02-22,1,397
1988-02-23,1,397
1988-02-24,1,397
1988-02-25,1,398
1988-02-26,1,398
1988-02-27,1,398
1988-02-28,1,399
1988-02-29,1,400
1988-03-01,1,400
1988-03-02,1,400
1988-03-03,1,401
1988-03-04,1,401
1988-03-05,1,401
1988-03-06,1,402
1988-03-07,1,403
1988-03-08,1,403
1988-03-09,1,403
1988-03-10,1,404
1988-03-11,1,404
1988-03-12,1,404
1988-03-13,1,405
1988-03-14,1,406
1988-03-15,1,406
1988-03-16,1,406
1988-03-17,1,407
1988-03-18,1,407
1988-03-19,1,407
1988-03-20,1,408
1988-03-21,1,409
1988-03-22,1,409
1988-03-23,1,409
1988-03-24,1,410
1988-03-25,1,410
1988-03-26,1,410
1988-03-27,1,411
1988-03-28,1,412
1988-03-29,1,412
1988-03-30,1,412
1988-03-31,1,413
1988-04-01,1,413
1988-04-02,1,413
1988-04-03,1,414
1988-04-04,1,415
1988-04-05,1,415
1988-04-06,1,415
1988-04-07,1,416
1988-04-08,1,416
1988-04-09,1,416
1988-04-10,1,417
1988-04-11,1,418
1988-04-12,1,418
1988-04-13,1,418
1988-04-14,1,419
1988-04-15,1,419
1988-04-16,1,419
1988-04-17,1,420
1988-04-18,1,421
1988-04-19,1,421
1988-04-20,1,421
1988-04-21,1,422
1988-04-22,1,422
1988-04-23,1,422
1988-04-24,1,423
1988-04-25,1,424
1988-04-26,1,424
1988-04-27,1,424
1988-04-28,1,425
1988-04-29,1,425
1988-04-30,1,425
1988-05-01,1,427
1988-05-02,1,428
1988-05-03,1,428
1988-05-04,1,428
1988-05-05,1,429
1988-05-06,1,429
1988-05-07,1,429
1988-05-08,1,430
1988-05-09,1,431
1988-05-10,1,431
1988-05-11,1,431
1988-05-12,1,432
1988-05-13,1,432
1988-05-14,1,432
1988-05-15,1,433
1988-05-16,1,434
1988-05-17,1,434
1988-05-18,1,434
1988-05-19,1,435
1988-05-20,1,435
1988-05-21,1,435
1988-05-22,1,436
1988-05-23,1,437
1988-05-24,1,437
1988-05-25,1,437
1988-05-26,1,438
1988-05-27,1,438
1988-05-28,1,438
1988-05-29,1,439
1988-05-30,1,440
1988-05-31,1,440
1988-06-01,1,440
1988-06-02,1,441
1988-06-03,1,441
1988-06-04,1,441
1988-06-05,1,442
1988-06-06,1,443
1988-06-07,1,443
1988-06-08,1,443
1988-06-09,1,444
1988-06-10,1,444
1988-06-11,1,444
1988-06-12,1,445
1988-06-13,1,446
1988-06-14,1,446
1988-06-15,1,446
1988-06-16,1,447
1988-06-17,1,447
1988-06-18,1,447
1988-06-19,1,448
1988-06-20,1,449
1988-06-21,1,449
1988-06-22,1,449
1988-06-23,1,450
1988-06-24,1,450
1988-06-25,1,450
1988-06-26,1,451
1988-06-27,1,452
1988-06-28,1,452
1988-06-29,1,452
1988-06-30,1,453
1988-07-01,1,453
1988-07-02,1,453
1988-07-03,1,454
1988-07-04,1,455
1988-07-05,1,455
1988-07-06,1,455
1988-07-07,1,456
1988-07-08,1,456
1988-07-09,1,456
1988-07-10,1,457
1988-07-11,1,458
1988-07-12,1,458
1988-07-13,1,458
1988-07-14,1,459
1988-07-15,1,459
1988-07-16,1,459
1988-07-17,1,460
1988-07-18,1,461
1988-07-19,1,461
1988-07-20,1,461
1988-07-21,1,462
1988-07-22,1,462
1988-07-23,1,462
1988-07-24,1,463
1988-07-25,1,464
1988-07-26,1,464
1988-07-27,1,464
1988-07-28,1,465
1988-07-29,1,465
1988-07-30,1,465
1988-07-31,1,466
1988-08-01,1,467
1988-08-02,1,467
1988-08-03,1,467
1988-08-04,1,468
1988-08-05,1,468
1988-08-06,1,468
1988-08-07,1,469
1988-08-08,1,470
1988-08-09,1,470
1988-08-10,1,470
1988-08-11,1,471
1988-08-12,1,471
1988-08-13,1,471
1988-08-14,1,472
1988-08-15,1,473
1988-08-16,1,473
1988-08-17,1,473
1988-08-18,1,474
1988-08-19,1,474
1988-08-20,1,474
1988-08-21,1,475
1988-08-22,1,476
1988-08-23,1,476
1988-08-24,1,476
1988-08-25,1,477
1988-08-26,1,477
1988-08-27,1,477
1988-08-28,1,478
1988-08-29,1,479
1988-08-30,1,479
1988-08-31,1,479
1988-09-01,1,480
1988-09-02,1,480
1988-09-03,1,480
1988-09-04,1,481
1988-09-05,1,482
1988-09-06,1,482
1988-09-07,1,482
1988-09-08,1,483
1988-09-09,1,483
1988-09-10,1,483
1988-09-11,1,484
1988-09-12,1,485
1988-09-13,1,485
1988-09-14,1,485
1988-09-15,1,486
1988-09-16,1,486
1988-09-17,1,486
1988-09-18,2,8
1988-09-19,1,487
1988-09-20,1,487
1988-09-21,1,487
1988-09-22,1,488
1988-09-23,1,488
1988-09-24,1,488
1988-09-25,2,9
1988-09-26,1,489
1988-09-27,1,489
1988-09-28,1,489
1988-09-29,1,490
1988-09-30,1,490
1988-10-01,1,490
1988-10-02,2,10
1988-10-03,2,11
1988-10-04,2,11
1988-10-05,2,11
1988-10-06,2,12
1988-10-07,2,12
1988-10-08,2,12
1988-10-09,2,13
1988-10-10,2,14
1988-10-11,2,14
1988-10-12,2,14
1988-10-13,2,15
1988-10-14,2,15
1988-10-15,2,15
1988-10-16,2,16
1988-10-17,2,17
1988-10-18,2,17
1988-10-19,2,17
1988-10-20,2,18
1988-10-21,2,18
1988-10-22,2,18
1988-10-23,2,19
1988-10-24,2,20
1988-10-25,2,20
1988-10-26,2,20
1988-10-27,2,21
1988-10-28,2,21
1988-10-29,2,21
1988-10-30,2,22
1988-10-31,2,23
1988-11-01,2,23
1988-11-02,2,23
1988-11-03,2,24
1988-11-04,2,24
1988-11-05,2,24
1988-11-06,2,25
1988-11-07,2,26
1988-11-08,2,26
1988-11-09,2,26
1988-11-10,2,27
1988-11-11,2,27
1988-11-12,2,27
1988-11-13,2,28
1988-11-14,2,29
1988-11-15,2,29
1988-11-16,2,29
1988-11-17,2,30
1988-11-18,2,30
1988-11-19,2,30
1988-11-20,2,31
1988-11-21,2,32
1988-11-22,2,32
1988-11-23,2,32
1988-11-24,2,33
1988-11-25,2,33
1988-11-26,2,33
1988-11-27,2,34
1988-11-28,2,35
1988-11-29,2,35
1988-11-30,2,35
1988-12-01,2,36
1988-12-02,2,36
1988-12-03,2,36
1988-12-04,2,37
1988-12-05,2,38
1988-12-06,2,38
1988-12-07,2,38
1988-12-08,2,39
1988-12-09,2,39
1988-12-10,2,39
1988-12-11,2,40
1988-12-12,2,41
1988-12-13,2,41
1988-12-14,2,41
1988-12-15,2,42
1988-12-16,2,42
1988-12-17,2,42
1988-12-18,2,43
1988-12-19,2,44
1988-12-20,2,44
1988-12-21,2,44
1988-12-22,2,45
1988-12-23,2,45
1988-12-24,2,45
1988-12-25,2,46
1988-12-26,2,47
1988-12-27,2,47
1988-12-28,2,47
1988-12-29,2,49
1988-12-30,2,49
1988-12-31,2,49
1989-01-01,2,50
1989-01-02,2,51
1989-01-03,2,51
1989-01-04,2,51
1989-01-05,2,52
1989-01-06,2,52
1989-01-07,2,52
1989-01-08,2,53
1989-01-09,2,54
1989-01-10,2,54
1989-01-11,2,54
1989-01-12,2,55
1989-01-13,2,55
1989-01-14,2,55
1989-01-15,2,56
1989-01-16,2,57
1989-01-17,2,57
1989-01-18,2,57
1989-01-19,2,58
1989-01-20,2,58
1989-01-21,2,58
1989-01-22,2,59
1989-01-23,2,60
1989-01-24,2,60
1989-01-25,2,60
1989-01-26,2,61
1989-01-27,2,61
1989-01-28,2,61
1989-01-29,2,62
1989-01-30,2,63
1989-01-31,2,63
1989-02-01,2,63
1989-02-02,2,64
1989-02-03,2,64
1989-02-04,2,64
1989-02-05,2,65
1989-02-06,2,67
1989-02-07,2,67
1989-02-08,2,67
1989-02-09,2,68
1989-02-10,2,68
1989-02-11,2,68
1989-02-12,2,69
1989-02-13,2,70
1989-02-14,2,70
1989-02-15,2,70
1989-02-16,2,71
1989-02-17,2,71
1989-02-18,2,71
1989-02-19,2,72
1989-02-20,2,73
1989-02-21,2,73
1989-02-22,2,73
1989-02-23,2,74
1989-02-24,2,74
1989-02-25,2,74
1989-02-26,2,75
1989-02-27,2,76
1989-02-28,2,76
1989-03-01,2,76
1989-03-02,2,77
1989-03-03,2,77
1989-03-04,2,77
1989-03-05,2,78
1989-03-06,2,79
1989-03-07,2,79
1989-03-08,2,79
1989-03-09,2,80
1989-03-10,2,80
1989-03-11,2,80
1989-03-12,2,81
1989-03-13,2,82
1989-03-14,2,82
1989-03-15,2,82
1989-03-16,2,83
1989-03-17,2,83
1989-03-18,2,83
1989-03-19,2,84
1989-03-20,2,85
1989-03-21,2,85
1989-03-22,2,85
1989-03-23,2,86
1989-03-24,2,86
1989-03-25,2,86
1989-03-26,2,87
1989-03-27,2,88
1989-03-28,2,88
1989-03-29,2,88
1989-03-30,2,89
1989-03-31,2,89
1989-04-01,2,89
1989-04-02,2,90
1989-04-03,2,91
1989-04-04,2,91
1989-04-05,2,91
1989-04-06,2,93
1989-04-07,2,93
1989-04-08,2,93
1989-04-09,2,94
1989-04-10,2,95
1989-04-11,2,95
1989-04-12,2,95
1989-04-13,2,96
1989-04-14,2,96
1989-04-15,2,96
1989-04-16,2,97
1989-04-17,2,98
1989-04-18,2,98
1989-04-19,2,98
1989-04-20,2,99
1989-04-21,2,99
1989-04-22,2,99
1989-04-23,2,100
1989-04-24,2,101
1989-04-25,2,101
1989-04-26,2,101
1989-04-27,2,102
1989-04-28,2,102
1989-04-29,2,102
1989-04-30,2,103
1989-05-01,2,104
1989-05-02,2,104
1989-05-03,2,104
1989-05-04,2,105
1989-05-05,2,105
1989-05-06,2,105
1989-05-07,2,106
1989-05-08,2,107
1989-05-09,2,107
1989-05-10,2,107
1989-05-11,2,108
1989-05-12,2,108
1989-05-13,2,108
1989-05-14,2,109
1989-05-15,2,110
1989-05-16,2,110
1989-05-17,2,110
1989-05-18,2,111
1989-05-19,2,111
1989-05-20,2,111
1989-05-21,2,112
1989-05-22,2,113
1989-05-23,2,113
1989-05-24,2,113
1989-05-25,2,114
1989-05-26,2,114
1989-05-27,2,114
1989-05-28,2,115
1989-05-29,2,116
1989-05-30,2,116
1989-05-31,2,116
1989-06-01,2,117
1989-06-02,2,117
1989-06-03,2,117
1989-06-04,2,118
1989-06-05,2,119
1989-06-06,2,119
1989-06-07,2,119
1989-06-08,2,120
1989-06-09,2,120
1989-06-10,2,120
1989-06-11,2,122
1989-06-12,2,123
1989-06-13,2,123
1989-06-14,2,123
1989-06-15,2,124
1989-06-16,2,124
1989-06-17,2,124
1989-06-18,2,125
1989-06-19,2,126
1989-06-20,2,126
1989-06-21,2,126
1989-06-22,2,127
1989-06-23,2,127
1989-06-24,2,127
1989-06-25,2,128
1989-06-26,2,129
1989-06-27,2,129
1989-06-28,2,129
1989-06-29,2,130
1989-06-30,2,130
1989-07-01,2,130
1989-07-02,2,131
1989-07-03,2,132
1989-07-04,2,132
1989-07-05,2,132
1989-07-06,2,133
1989-07-07,2,133
1989-07-08,2,133
1989-07-09,2,145
1989-07-10,2,146
1989-07-11,2,146
1989-07-12,2,146
1989-07-13,2,147
1989-07-14,2,147
1989-07-15,2,147
1989-07-16,2,148
1989-07-17,2,149
1989-07-18,2,149
1989-07-19,2,149
1989-07-20,2,150
1989-07-21,2,150
1989-07-22,2,150
1989-07-23,2,151
1989-07-24,2,152
1989-07-25,2,152
1989-07-26,2,152
1989-07-27,2,153
1989-07-28,2,153
1989-07-29,2,153
1989-07-30,2,154
1989-07-31,2,155
1989-08-01,2,155
1989-08-02,2,155
1989-08-03,2,156
1989-08-04,2,156
1989-08-05,2,156
1989-08-06,2,157
1989-08-07,2,158
1989-08-08,2,158
1989-08-09,2,158
1989-08-10,2,159
1989-08-11,2,159
1989-08-12,2,159
1989-08-13,2,160
1989-08-14,2,161
1989-08-15,2,161
1989-08-16,2,161
1989-08-17,2,162
1989-08-18,2,162
1989-08-19,2,162
1989-08-20,2,163
1989-08-21,2,164
1989-08-22,2,164
1989-08-23,2,164
1989-08-24,2,165
1989-08-25,2,165
1989-08-26,2,165
1989-08-27,2,166
1989-08-28,2,167
1989-08-29,2,167
1989-08-30,2,167
1989-08-31,2,168
1989-09-01,2,168
1989-09-02,2,168
1989-09-03,2,169
1989-09-04,2,170
1989-09-05,2,170
1989-09-06,2,170
1989-09-07,2,171
1989-09-08,2,171
1989-09-09,2,171
1989-09-10,2,172
1989-09-11,2,174
1989-09-12,2,174
1989-09-13,2,174
1989-09-14,2,175
1989-09-15,2,175
1989-09-16,2,175
1989-09-17,2,176
1989-09-18,2,177
1989-09-19,2,177
1989-09-20,2,177
1989-09-21,2,178
1989-09-22,2,178
1989-09-23,2,178
1989-09-24,2,180
1989-09-25,2,181
1989-09-26,2,181
1989-09-27,2,181
1989-09-28,2,182
1989-09-29,2,182
1989-09-30,2,182
1989-10-01,2,183
1989-10-02,2,184
1989-10-03,2,184
1989-10-04,2,184
1989-10-05,2,185
1989-10-06,2,185
1989-10-07,2,185
1989-10-08,2,186
1989-10-09,2,187
1989-10-10,2,187
1989-10-11,2,187
1989-10-12,2,188
1989-10-13,2,188
1989-10-14,2,188
1989-10-15,2,189
1989-10-16,2,190
1989-10-17,2,190
1989-10-18,2,190
1989-10-19,2,191
1989-10-20,2,191
1989-10-21,2,191
1989-10-22,2,192
1989-10-23,2,193
1989-10-24,2,193
1989-10-25,2,193
1989-10-26,2,194
1989-10-27,2,194
1989-10-28,2,194
1989-10-29,2,195
1989-10-30,2,196
1989-10-31,2,196
1989-11-01,2,196
1989-11-02,2,197
1989-11-03,2,197
1989-11-04,2,197
1989-11-05,2,198
1989-11-06,2,199
1989-11-07,2,199
1989-11-08,2,199
1989-11-09,2,200
1989-11-10,2,200
1989-11-11,2,200
1989-11-12,2,201
1989-11-13,2,202
1989-11-14,2,202
1989-11-15,2,202
1989-11-16,2,203
1989-11-17,2,203
1989-11-18,2,203
1989-11-19,2,204
1989-11-20,2,205
1989-11-21,2,205
1989-11-22,2,205
1989-11-23,2,206
1989-11-24,2,206
1989-11-25,2,206
1989-11-26,2,207
1989-11-27,2,208
1989-11-28,2,208
1989-11-29,2,208
1989-11-30,2,209
1989-12-01,2,209
1989-12-02,2,209
1989-12-03,2,210
1989-12-04,2,211
1989-12-05,2,211
1989-12-06,2,211
1989-12-07,2,212
1989-12-08,2,212
1989-12-09,2,212
1989-12-10,2,213
1989-12-11,2,214
1989-12-12,2,214
1989-12-13,2,214
1989-12-14,2,215
1989-12-15,2,215
1989-12-16,2,215
1989-12-17,2,216
1989-12-18,2,217
1989-12-19,2,217
1989-12-20,2,217
1989-12-21,2,218
1989-12-22,2,218
1989-12-23,2,218
1989-12-24,2,219
1989-12-25,2,220
1989-12-26,2,220
1989-12-27,2,220
1989-12-28,2,221
1989-12-29,2,221
1989-12-30,2,221
1989-12-31,2,222
1990-01-01,2,223
1990-01-02,2,223
1990-01-03,2,223
1990-01-04,2,225
1990-01-05,2,225
1990-01-06,2,225
1990-01-07,2,226
1990-01-08,2,227
1990-01-09,2,227
1990-01-10,2,227
1990-01-11,2,228
1990-01-12,2,228
1990-01-13,2,228
1990-01-14,2,229
1990-01-15,2,230
1990-01-16,2,230
1990-01-17,2,230
1990-01-18,2,231
1990-01-19,2,231
1990-01-20,2,231
1990-01-21,2,232
1990-01-22,2,233
1990-01-23,2,233
1990-01-24,2,233
1990-01-25,2,234
1990-01-26,2,234
1990-01-27,2,234
1990-01-28,2,235
1990-01-29,2,236
1990-01-30,2,236
1990-01-31,2,236
1990-02-01,2,237
1990-02-02,2,237
1990-02-03,2,237
1990-02-04,2,238
1990-02-05,2,239
1990-02-06,2,239
1990-02-07,2,239
1990-02-08,2,240
1990-02-09,2,240
1990-02-10,2,240
1990-02-11,2,241
1990-02-12,2,242
1990-02-13,2,242
1990-02-14,2,242
1990-02-15,2,243
1990-02-16,2,243
1990-02-17,2,243
1990-02-18,2,244
1990-02-19,2,245
1990-02-20,2,245
1990-02-21,2,245
1990-02-22,2,246
1990-02-23,2,246
1990-02-24,2,246
1990-02-25,2,247
1990-02-26,2,248
1990-02-27,2,248
1990-02-28,2,248
1990-03-01,2,249
1990-03-02,2,249
1990-03-03,2,249
1990-03-04,2,250
1990-03-05,2,251
1990-03-06,2,251
1990-03-07,2,251
1990-03-08,2,252
1990-03-09,2,252
1990-03-10,2,252
1990-03-11,2,253
1990-03-12,2,254
1990-03-13,2,254
1990-03-14,2,254
1990-03-15,2,255
1990-03-16,2,255
1990-03-17,2,255
1990-03-18,2,256
1990-03-19,2,257
1990-03-20,2,257
1990-03-21,2,257
1990-03-22,2,258
1990-03-23,2,258
1990-03-24,2,258
1990-03-25,2,259
1990-03-26,2,260
1990-03-27,2,260
1990-03-28,2,260
1990-03-29,2,261
1990-03-30,2,261
1990-03-31,2,261
1990-04-01,2,262
1990-04-02,2,263
1990-04-03,2,263
1990-04-04,2,263
1990-04-05,2,264
1990-04-06,2,264
1990-04-07,2,264
1990-04-08,2,265
1990-04-09,2,266
1990-04-10,2,266
1990-04-11,2,266
1990-04-12,2,267
1990-04-13,2,267
1990-04-14,2,267
1990-04-15,2,268
1990-04-16,2,269
1990-04-17,2,269
1990-04-18,2,269
1990-04-19,2,270
1990-04-20,2,270
1990-04-21,2,270
1990-04-22,2,271
1990-04-23,2,272
1990-04-24,2,272
1990-04-25,2,272
1990-04-26,2,273
1990-04-27,2,273
1990-04-28,2,273
1990-04-29,2,274
1990-04-30,2,275
1990-05-01,2,275
1990-05-02,2,275
1990-05-03,2,276
1990-05-04,2,276
1990-05-05,2,276
1990-05-06,2,277
1990-05-07,2,278
1990-05-08,2,278
1990-05-09,2,278
1990-05-10,2,285
1990-05-11,2,285
1990-05-12,2,285
1990-05-13,2,286
1990-05-14,2,287
1990-05-15,2,287
1990-05-16,2,287
1990-05-17,2,288
1990-05-18,2,288
1990-05-19,2,288
1990-05-20,2,289
1990-05-21,2,290
1990-05-22,2,290
1990-05-23,2,290
1990-05-24,2,291
1990-05-25,2,291
1990-05-26,2,291
1990-05-27,2,292
1990-05-28,2,293
1990-05-29,2,293
1990-05-30,2,293
1990-05-31,2,294
1990-06-01,2,294
1990-06-02,2,294
1990-06-03,2,295
1990-06-04,2,296
1990-06-05,2,296
1990-06-06,2,296
1990-06-07,2,297
1990-06-08,2,297
1990-06-09,2,297
1990-06-10,2,298
1990-06-11,2,299
1990-06-12,2,299
1990-06-13,2,299
1990-06-14,2,300
1990-06-15,2,300
1990-06-16,2,300
1990-06-17,2,301
1990-06-18,2,302
1990-06-19,2,302
1990-06-20,2,302
1990-06-21,2,303
1990-06-22,2,303
1990-06-23,2,303
1990-06-24,2,304
1990-06-25,2,305
1990-06-26,2,305
1990-06-27,2,305
1990-06-28,2,306
1990-06-29,2,306
1990-06-30,2,306
1990-07-01,2,307
1990-07-02,2,308
1990-07-03,2,308
1990-07-04,2,308
1990-07-05,2,310
1990-07-06,2,310
1990-07-07,2,310
1990-07-08,2,311
1990-07-09,2,312
1990-07-10,2,312
1990-07-11,2,312
1990-07-12,2,313
1990-07-13,2,313
1990-07-14,2,313
1990-07-15,2,314
1990-07-16,2,315
1990-07-17,2,315
1990-07-18,2,315
1990-07-19,2,316
1990-07-20,2,316
1990-07-21,2,316
1990-07-22,2,317
1990-07-23,2,318
1990-07-24,2,318
1990-07-25,2,318
1990-07-26,2,319
1990-07-27,2,319
1990-07-28,2,319
1990-07-29,2,320
1990-07-30,2,321
1990-07-31,2,321
1990-08-01,2,321
1990-08-02,2,322
1990-08-03,2,322
1990-08-04,2,322
1990-08-05,2,323
1990-08-06,2,324
1990-08-07,2,324
1990-08-08,2,324
1990-08-09,2,325
1990-08-10,2,325
1990-08-11,2,325
1990-08-12,2,326
1990-08-13,2,327
1990-08-14,2,327
1990-08-15,2,327
1990-08-16,2,328
1990-08-17,2,328
1990-08-18,2,328
1990-08-19,2,329
1990-08-20,2,330
1990-08-21,2,330
1990-08-22,2,330
1990-08-23,2,331
1990-08-24,2,331
1990-08-25,2,331
1990-08-26,2,332
1990-08-27,2,333
1990-08-28,2,333
1990-08-29,2,333
1990-08-30,2,334
1990-08-31,2,334
1990-09-01,2,334
1990-09-02,2,335
1990-09-03,2,336
1990-09-04,2,336
1990-09-05,2,336
1990-09-06,2,337
1990-09-07,2,337
1990-09-08,2,337
1990-09-09,2,338
1990-09-10,2,339
1990-09-11,2,339
1990-09-12,2,339
1990-09-13,2,340
1990-09-14,2,340
1990-09-15,2,340
1990-09-16,2,341
1990-09-17,2,342
1990-09-18,2,342
1990-09-19,2,342
1990-09-20,2,343
1990-09-21,2,343
1990-09-22,2,343
1990-09-23,2,344
1990-09-24,2,345
1990-09-25,2,345
1990-09-26,2,345
1990-09-27,2,346
1990-09-28,2,346
1990-09-29,2,346
1990-09-30,2,347
1990-10-01,2,348
1990-10-02,2,348
1990-10-03,2,348
1990-10-04,2,349
1990-10-05,2,349
1990-10-06,2,349
1990-10-07,2,350
1990-10-08,2,351
1990-10-09,2,351
1990-10-10,2,351
1990-10-11,2,352
1990-10-12,2,352
1990-10-13,2,352
1990-10-14,2,353
1990-10-15,2,354
1990-10-16,2,354
1990-10-17,2,354
1990-10-18,2,355
1990-10-19,2,355
1990-10-20,2,355
1990-10-21,2,356
1990-10-22,2,357
1990-10-23,2,357
1990-10-24,2,357
1990-10-25,2,358
1990-10-26,2,358
1990-10-27,2,358
1990-10-28,2,359
1990-10-29,2,360
1990-10-30,2,360
1990-10-31,2,360
1990-11-01,2,361
1990-11-02,2,361
1990-11-03,2,361
1990-11-04,2,362
1990-11-05,2,363
1990-11-06,2,363
1990-11-07,2,363
1990-11-08,2,364
1990-11-09,2,364
1990-11-10,2,364
1990-11-11,2,365
1990-11-12,2,366
1990-11-13,2,366
1990-11-14,2,366
1990-11-15,2,367
1990-11-16,2,367
1990-11-17,2,367
1990-11-18,2,368
1990-11-19,2,369
1990-11-20,2,369
1990-11-21,2,369
1990-11-22,2,370
1990-11-23,2,370
1990-11-24,2,370
1990-11-25,2,371
1990-11-26,2,372
1990-11-27,2,372
1990-11-28,2,372
1990-11-29,2,373
1990-11-30,2,373
1990-12-01,2,373
1990-12-02,2,374
1990-12-03,2,375
1990-12-04,2,375
1990-12-05,2,375
1990-12-06,2,376
1990-12-07,2,376
1990-12-08,2,376
1990-12-09,2,377
1990-12-10,2,378
1990-12-11,2,378
1990-12-12,2,378
1990-12-13,2,379
1990-12-14,2,379
1990-12-15,2,379
1990-12-16,2,380
1990-12-17,2,381
1990-12-18,2,381
1990-12-19,2,381
1990-12-20,2,382
1990-12-21,2,382
1990-12-22,2,382
1990-12-23,2,384
1990-12-24,2,385
1990-12-25,2,385
1990-12-26,2,385
1990-12-27,2,386
1990-12-28,2,386
1990-12-29,2,386
1990-12-30,2,387
1990-12-31,2,388
1991-01-01,2,388
1991-01-02,2,388
1991-01-03,2,389
1991-01-04,2,389
1991-01-05,2,389
1991-01-06,2,390
1991-01-07,2,391
1991-01-08,2,391
1991-01-09,2,391
1991-01-10,2,392
1991-01-11,2,392
1991-01-12,2,392
1991-01-13,2,393
1991-01-14,2,394
1991-01-15,2,394
1991-01-16,2,394
1991-01-17,2,396
1991-01-18,2,396
1991-01-19,2,396
1991-01-20,2,397
1991-01-21,2,398
1991-01-22,2,398
1991-01-23,2,398
1991-01-24,2,399
1991-01-25,2,399
1991-01-26,2,399
1991-01-27,2,400
1991-01-28,2,401
1991-01-29,2,401
1991-01-30,2,401
1991-01-31,2,402
1991-02-01,2,402
1991-02-02,2,402
1991-02-03,2,403
1991-02-04,2,404
1991-02-05,2,404
1991-02-06,2,404
1991-02-07,2,405
1991-02-08,2,405
1991-02-09,2,405
1991-02-10,2,406
1991-02-11,2,407
1991-02-12,2,407
1991-02-13,2,407
1991-02-14,2,408
1991-02-15,2,408
1991-02-16,2,408
1991-02-17,2,409
1991-02-18,2,410
1991-02-19,2,410
1991-02-20,2,410
1991-02-21,2,411
1991-02-22,2,411
1991-02-23,2,411
1991-02-24,2,412
1991-02-25,2,413
1991-02-26,2,413
1991-02-27,2,413
1991-02-28,2,414
1991-03-01,2,414
1991-03-02,2,414
1991-03-03,2,415
1991-03-04,2,416
1991-03-05,2,416
1991-03-06,2,416
1991-03-07,2,417
1991-03-08,2,417
1991-03-09,2,417
1991-03-10,2,418
1991-03-11,2,419
1991-03-12,2,419
1991-03-13,2,419
1991-03-14,2,420
1991-03-15,2,420
1991-03-16,2,420
1991-03-17,2,421
1991-03-18,2,422
1991-03-19,2,422
1991-03-20,2,422
1991-03-21,2,423
1991-03-22,2,423
1991-03-23,2,423
1991-03-24,2,424
1991-03-25,2,425
1991-03-26,2,425
1991-03-27,2,425
1991-03-28,2,426
1991-03-29,2,426
1991-03-30,2,426
1991-03-31,2,427
1991-04-01,2,428
1991-04-02,2,428
1991-04-03,2,428
1991-04-04,2,429
1991-04-05,2,429
1991-04-06,2,429
1991-04-07,2,430
1991-04-08,2,431
1991-04-09,2,431
1991-04-10,2,431
1991-04-11,2,432
1991-04-12,2,432
1991-04-13,2,432
1991-04-14,2,433
1991-04-15,2,434
1991-04-16,2,434
1991-04-17,2,434
1991-04-18,2,435
1991-04-19,2,435
1991-04-20,2,435
1991-04-21,2,436
1991-04-22,2,437
1991-04-23,2,437
1991-04-24,2,437
1991-04-25,2,438
1991-04-26,2,438
1991-04-27,2,438
1991-04-28,2,439
1991-04-29,2,440
1991-04-30,2,440
1991-05-01,2,440
1991-05-02,2,441
1991-05-03,2,441
1991-05-04,2,441
1992-02-02,2,443
1992-02-03,2,444
1992-02-04,2,444
1992-02-05,2,444
1992-02-06,2,445
1992-02-07,2,445
1992-02-08,2,445
1992-02-09,2,446
1992-02-10,2,447
1992-02-11,2,447
1992-02-12,2,447
1992-02-13,2,448
1992-02-14,2,448
1992-02-15,2,448
1992-02-16,2,449
1992-02-17,2,450
1992-02-18,2,450
1992-02-19,2,450
1992-02-20,2,451
1992-02-21,2,451
1992-02-22,2,451
1992-02-23,2,452
1992-02-24,2,453
1992-02-25,2,453
1992-02-26,2,453
1992-02-27,2,454
1992-02-28,2,454
1992-02-29,2,454
1992-03-01,2,455
1992-03-02,2,456
1992-03-03,2,456
1992-03-04,2,456
1992-03-05,2,457
1992-03-06,2,457
1992-03-07,2,457
1992-03-08,2,458
1992-03-09,2,459
1992-03-10,2,459
1992-03-11,2,459
1992-03-12,2,460
1992-03-13,2,460
1992-03-14,2,460
1992-03-15,2,461
1992-03-16,2,462
1992-03-17,2,462
1992-03-18,2,462
1992-03-19,2,463
1992-03-20,2,463
1992-03-21,2,463
1992-03-22,2,464
1992-03-23,2,465
1992-03-24,2,465
1992-03-25,2,465
1992-03-26,2,466
1992-03-27,2,466
1992-03-28,2,466
1992-03-29,2,467
1992-03-30,2,468
1992-03-31,2,468
1992-04-01,2,468
1992-04-02,2,469
1992-04-03,2,469
1992-04-04,2,469
1992-04-05,2,470
1992-04-06,2,471
1992-04-07,2,471
1992-04-08,2,471
1992-04-09,2,472
1992-04-10,2,472
1992-04-11,2,472
1992-04-12,2,473
1992-04-13,2,474
1992-04-14,2,474
1992-04-15,2,474
1992-04-16,2,475
1992-04-17,2,475
1992-04-18,2,475
1992-04-19,2,476
1992-04-20,2,477
1992-04-21,2,477
1992-04-22,2,477
1992-04-23,2,478
1992-04-24,2,478
1992-04-25,2,478
1992-04-26,2,479
1992-04-27,3,8
1992-04-28,3,8
1992-04-29,3,8
1992-04-30,3,9
1992-05-01,3,9
1992-05-02,3,9
1992-05-03,3,10
1992-05-04,3,11
1992-05-05,3,11
1992-05-06,3,11
1992-05-07,3,12
1992-05-08,3,12
1992-05-09,3,12
1992-05-10,3,13
1992-05-11,3,14
1992-05-12,3,14
1992-05-13,3,14
1992-05-14,3,15
1992-05-15,3,15
1992-05-16,3,15
1992-05-17,3,16
1992-05-18,3,17
1992-05-19,3,17
1992-05-20,3,17
1992-05-21,3,18
1992-05-22,3,18
1992-05-23,3,18
1992-05-24,3,19
1992-05-25,3,20
1992-05-26,3,20
1992-05-27,3,20
1992-05-28,3,21
1992-05-29,3,21
1992-05-30,3,21
1992-05-31,3,22
1992-06-01,3,23
1992-06-02,3,23
1992-06-03,3,23
1992-06-04,3,24
1992-06-05,3,24
1992-06-06,3,24
1992-06-07,3,25
1992-06-08,3,26
1992-06-09,3,26
1992-06-10,3,26
1992-06-11,3,27
1992-06-12,3,27
1992-06-13,3,27
1992-06-14,3,28
1992-06-15,3,29
1992-06-16,3,29
1992-06-17,3,29
1992-06-18,3,30
1992-06-19,3,30
1992-06-20,3,30
1992-06-21,3,31
1992-06-22,3,32
1992-06-23,3,32
1992-06-24,3,32
1992-06-25,3,33
1992-06-26,3,33
1992-06-27,3,33
1992-06-28,3,34
1992-06-29,3,35
1992-06-30,3,35
1992-07-01,3,35
1992-07-02,3,36
1992-07-03,3,36
1992-07-04,3,36
1992-07-05,3,37
1992-07-06,3,38
1992-07-07,3,38
1992-07-08,3,38
1992-07-09,3,39
1992-07-10,3,39
1992-07-11,3,39
1992-07-12,3,40
1992-07-13,3,41
1992-07-14,3,41
1992-07-15,3,41
1992-07-16,3,42
1992-07-17,3,42
1992-07-18,3,42
1992-07-19,3,43
1992-07-20,3,44
1992-07-21,3,44
1992-07-22,3,44
1992-07-23,3,45
1992-07-24,3,45
1992-07-25,3,45
1992-07-26,3,46
1992-07-27,3,47
1992-07-28,3,47
1992-07-29,3,47
1992-07-30,3,48
1992-07-31,3,48
1992-08-01,3,48
1992-08-02,3,49
1992-08-03,3,50
1992-08-04,3,50
1992-08-05,3,50
1992-08-06,3,51
1992-08-07,3,51
1992-08-08,3,51
1992-08-09,3,52
1992-08-10,3,53
1992-08-11,3,53
1992-08-12,3,53
1992-08-13,3,54
1992-08-14,3,54
1992-08-15,3,54
1992-08-16,3,55
1992-08-17,3,56
1992-08-18,3,56
1992-08-19,3,56
1992-08-20,3,57
1992-08-21,3,57
1992-08-22,3,57
1992-08-23,3,58
1992-08-24,3,59
1992-08-25,3,59
1992-08-26,3,59
1992-08-27,3,60
1992-08-28,3,60
1992-08-29,3,60
1992-08-30,3,61
1992-08-31,3,62
1992-09-01,3,62
1992-09-02,3,62
1992-09-03,3,63
1992-09-04,3,63
1992-09-05,3,63
1992-09-06,3,64
1992-09-07,3,65
1992-09-08,3,65
1992-09-09,3,65
1992-09-10,3,66
1992-09-11,3,66
1992-09-12,3,66
1992-09-13,3,67
1992-09-14,3,68
1992-09-15,3,68
1992-09-16,3,68
1992-09-17,3,69
1992-09-18,3,69
1992-09-19,3,69
1992-09-20,3,70
1992-09-21,3,71
1992-09-22,3,71
1992-09-23,3,71
1992-09-24,3,72
1992-09-25,3,72
1992-09-26,3,72
1992-09-27,3,73
1992-09-28,3,74
1992-09-29,3,74
1992-09-30,3,74
1992-10-01,3,82
1992-10-02,3,82
1992-10-03,3,82
1992-10-04,3,83
1992-10-05,3,84
1992-10-06,3,84
1992-10-07,3,84
1992-10-08,3,85
1992-10-09,3,85
1992-10-10,3,85
1992-10-11,3,86
1992-10-12,3,87
1992-10-13,3,87
1992-10-14,3,87
1992-10-15,3,88
1992-10-16,3,88
1992-10-17,3,88
1992-10-18,3,89
1992-10-19,3,90
1992-10-20,3,90
1992-10-21,3,90
1992-10-22,3,91
1992-10-23,3,91
1992-10-24,3,91
1992-10-25,3,92
1992-10-26,3,93
1992-10-27,3,93
1992-10-28,3,93
1992-10-29,3,94
1992-10-30,3,94
1992-10-31,3,94
1992-11-01,3,95
1992-11-02,3,96
1992-11-03,3,96
1992-11-04,3,96
1992-11-05,3,97
1992-11-06,3,97
1992-11-07,3,97
1992-11-08,3,98
1992-11-09,3,99
1992-11-10,3,99
1992-11-11,3,99
1992-11-12,3,100
1992-11-13,3,100
1992-11-14,3,100
1992-11-15,3,101
1992-11-16,3,102
1992-11-17,3,102
1992-11-18,3,102
1992-11-19,3,103
1992-11-20,3,103
1992-11-21,3,103
1992-11-22,3,104
1992-11-23,3,105
1992-11-24,3,105
1992-11-25,3,105
1992-11-26,3,106
1992-11-27,3,106
1992-11-28,3,106
1992-11-29,3,107
1992-11-30,3,108
1992-12-01,3,108
1992-12-02,3,108
1992-12-03,3,109
1992-12-04,3,109
1992-12-05,3,109
1992-12-06,3,110
1992-12-07,3,111
1992-12-08,3,111
1992-12-09,3,111
1992-12-10,3,112
1992-12-11,3,112
1992-12-12,3,112
1992-12-13,3,113
1992-12-14,3,115
1992-12-15,3,115
1992-12-16,3,115
1992-12-17,3,116
1992-12-18,3,116
1992-12-19,3,116
1992-12-20,3,117
1992-12-21,3,118
1992-12-22,3,118
1992-12-23,3,118
1992-12-24,3,119
1992-12-25,3,119
1992-12-26,3,119
1992-12-27,3,120
1992-12-28,3,121
1992-12-29,3,121
1992-12-30,3,121
1992-12-31,3,122
1993-01-01,3,122
1993-01-02,3,122
1993-01-03,3,123
1993-01-04,3,124
1993-01-05,3,124
1993-01-06,3,124
1993-01-07,3,125
1993-01-08,3,125
1993-01-09,3,125
1993-01-10,3,126
1993-01-11,3,127
1993-01-12,3,127
1993-01-13,3,127
1993-01-14,3,128
1993-01-15,3,128
1993-01-16,3,128
1993-01-17,3,129
1993-01-18,3,130
1993-01-19,3,130
1993-01-20,3,130
1993-01-21,3,131
1993-01-22,3,131
1993-01-23,3,131
1993-01-24,3,132
1993-01-25,3,133
1993-01-26,3,133
1993-01-27,3,133
1993-01-28,3,134
1993-01-29,3,134
1993-01-30,3,134
1993-01-31,3,135
1993-02-01,3,136
1993-02-02,3,136
1993-02-03,3,136
1993-02-04,3,137
1993-02-05,3,137
1993-02-06,3,137
1993-02-07,3,138
1993-02-08,3,139
1993-02-09,3,139
1993-02-10,3,139
1993-02-11,3,140
1993-02-12,3,140
1993-02-13,3,140
1993-02-14,3,141
1993-02-15,3,142
1993-02-16,3,142
1993-02-17,3,142
1993-02-18,3,143
1993-02-19,3,143
1993-02-20,3,143
1993-02-21,3,144
1993-02-22,3,145
1993-02-23,3,145
1993-02-24,3,145
1993-02-25,3,146
1993-02-26,3,146
1993-02-27,3,146
1993-02-28,3,147
1993-03-01,3,148
1993-03-02,3,148
1993-03-03,3,148
1993-03-04,3,150
1993-03-05,3,150
1993-03-06,3,150
1993-03-07,3,151
1993-03-08,3,152
1993-03-09,3,152
1993-03-10,3,152
1993-03-11,3,153
1993-03-12,3,153
1993-03-13,3,153
1993-03-14,3,154
1993-03-15,3,155
1993-03-16,3,155
1993-03-17,3,155
1993-03-18,3,157
1993-03-19,3,157
1993-03-20,3,157
1993-03-21,3,158
1993-03-22,3,159
1993-03-23,3,159
1993-03-24,3,159
1993-03-25,3,160
1993-03-26,3,160
1993-03-27,3,160
1993-03-28,3,161
1993-03-29,3,162
1993-03-30,3,162
1993-03-31,3,162
1993-04-01,3,163
1993-04-02,3,163
1993-04-03,3,163
1993-04-04,3,164
1993-04-05,3,165
1993-04-06,3,165
1993-04-07,3,165
1993-04-08,3,166
1993-04-09,3,166
1993-04-10,3,166
1993-04-11,3,167
1993-04-12,3,168
1993-04-13,3,168
1993-04-14,3,168
1993-04-15,3,169
1993-04-16,3,169
1993-04-17,3,169
1993-04-18,3,170
1993-04-19,3,171
1993-04-20,3,171
1993-04-21,3,171
1993-04-22,3,172
1993-04-23,3,172
1993-04-24,3,172
1993-04-25,3,173
1993-04-26,3,174
1993-04-27,3,174
1993-04-28,3,174
1993-04-29,3,175
1993-04-30,3,175
1993-05-01,3,175
1993-05-02,3,176
1993-05-03,3,177
1993-05-04,3,177
1993-05-05,3,177
1993-05-06,3,178
1993-05-07,3,178
1993-05-08,3,178
1993-05-09,3,179
1993-05-10,3,180
1993-05-11,3,180
1993-05-12,3,180
1993-05-13,3,181
1993-05-14,3,181
1993-05-15,3,181
1993-05-16,3,182
1993-05-17,3,183
1993-05-18,3,183
1993-05-19,3,183
1993-05-20,3,184
1993-05-21,3,184
1993-05-22,3,184
1993-05-23,3,185
1993-05-24,3,186
1993-05-25,3,186
1993-05-26,3,186
1993-05-27,3,187
1993-05-28,3,187
1993-05-29,3,187
1993-05-30,3,188
1993-05-31,3,189
1993-06-01,3,189
1993-06-02,3,189
1993-06-03,3,190
1993-06-04,3,190
1993-06-05,3,190
1993-06-06,3,191
1993-06-07,3,192
1993-06-08,3,192
1993-06-09,3,192
1993-06-10,3,193
1993-06-11,3,193
1993-06-12,3,193
1993-06-13,3,194
1993-06-14,3,195
1993-06-15,3,195
1993-06-16,3,195
1993-06-17,3,196
1993-06-18,3,196
1993-06-19,3,196
1993-06-20,3,197
1993-06-21,3,198
1993-06-22,3,198
1993-06-23,3,198
1993-06-24,3,199
1993-06-25,3,199
1993-06-26,3,199
1993-06-27,3,200
1993-06-28,3,201
1993-06-29,3,201
1993-06-30,3,201
1993-07-01,3,202
1993-07-02,3,202
1993-07-03,3,202
1993-07-04,3,203
1993-07-05,3,204
1993-07-06,3,204
1993-07-07,3,204
1993-07-08,3,205
1993-07-09,3,205
1993-07-10,3,205
1993-07-11,3,206
1993-07-12,3,207
1993-07-13,3,207
1993-07-14,3,207
1993-07-15,3,208
1993-07-16,3,208
1993-07-17,3,208
1993-07-18,3,209
1993-07-19,3,210
1993-07-20,3,210
1993-07-21,3,210
1993-07-22,3,211
1993-07-23,3,211
1993-07-24,3,211
1993-07-25,3,212
1993-07-26,3,213
1993-07-27,3,213
1993-07-28,3,213
1993-07-29,3,214
1993-07-30,3,214
1993-07-31,3,214
1993-08-01,3,215
1993-08-02,3,216
1993-08-03,3,216
1993-08-04,3,216
1993-08-05,3,217
1993-08-06,3,217
1993-08-07,3,217
1993-08-08,3,218
1993-08-09,3,219
1993-08-10,3,219
1993-08-11,3,219
1993-08-12,3,220
1993-08-13,3,220
1993-08-14,3,220
1993-08-15,3,221
1993-08-16,3,222
1993-08-17,3,222
1993-08-18,3,222
1993-08-19,3,223
1993-08-20,3,223
1993-08-21,3,223
1993-08-22,3,224
1993-08-23,3,225
1993-08-24,3,225
1993-08-25,3,225
1993-08-26,3,226
1993-08-27,3,226
1993-08-28,3,226
1993-08-29,3,227
1993-08-30,3,228
1993-08-31,3,228
1993-09-01,3,228
1993-09-02,3,229
1993-09-03,3,229
1993-09-04,3,229
1993-09-05,3,230
1993-09-06,3,231
1993-09-07,3,231
1993-09-08,3,231
1993-09-09,3,232
1993-09-10,3,232
1993-09-11,3,232
1993-09-12,3,233
1993-09-13,3,234
1993-09-14,3,234
1993-09-15,3,234
1993-09-16,3,235
1993-09-17,3,235
1993-09-18,3,235
1993-09-19,3,236
1993-09-20,3,237
1993-09-21,3,237
1993-09-22,3,237
1993-09-23,3,238
1993-09-24,3,238
1993-09-25,3,238
1993-09-26,3,239
1993-09-27,3,240
1993-09-28,3,240
1993-09-29,3,240
1993-09-30,3,241
1993-10-01,3,241
1993-10-02,3,241
1993-10-03,3,242
1993-10-04,3,243
1993-10-05,3,243
1993-10-06,3,243
1993-10-07,3,244
1993-10-08,3,244
1993-10-09,3,244
1993-10-10,3,245
1993-10-11,3,246
1993-10-12,3,246
1993-10-13,3,246
1993-10-14,3,247
1993-10-15,3,247
1993-10-16,3,247
1993-10-17,3,248
1993-10-18,3,249
1993-10-19,3,249
1993-10-20,3,249
1993-10-21,3,250
1993-10-22,3,250
1993-10-23,3,250
1993-10-24,3,251
1993-10-25,3,252
1993-10-26,3,252
1993-10-27,3,252
1993-10-28,3,253
1993-10-29,3,253
1993-10-30,3,253
1993-10-31,3,254
1993-11-01,3,255
1993-11-02,3,255
1993-11-03,3,255
1993-11-04,3,256
1993-11-05,3,256
1993-11-06,3,256
1993-11-07,3,257
1993-11-08,3,258
1993-11-09,3,258
1993-11-10,3,258
1993-11-11,3,259
1993-11-12,3,259
1993-11-13,3,259
1993-11-14,3,260
1993-11-15,3,261
1993-11-16,3,261
1993-11-17,3,261
1993-11-18,3,262
1993-11-19,3,262
1993-11-20,3,262
1993-11-21,3,263
1993-11-22,3,264
1993-11-23,3,264
1993-11-24,3,264
1993-11-25,3,265
1993-11-26,3,265
1993-11-27,3,265
1993-11-28,3,266
1993-11-29,3,267
1993-11-30,3,267
1993-12-01,3,267
1993-12-02,3,268
1993-12-03,3,268
1993-12-04,3,268
1993-12-05,3,269
1993-12-06,3,270
1993-12-07,3,270
1993-12-08,3,270
1993-12-09,3,271
1993-12-10,3,271
1993-12-11,3,271
1993-12-12,3,272
1993-12-13,3,273
1993-12-14,3,273
1993-12-15,3,273
1993-12-16,3,274
1993-12-17,3,274
1993-12-18,3,274
1993-12-19,3,275
1993-12-20,3,276
1993-12-21,3,276
1993-12-22,3,276
1993-12-23,3,277
1993-12-24,3,277
1993-12-25,3,277
1993-12-26,3,278
1993-12-27,3,279
1993-12-28,3,279
1993-12-29,3,279
1993-12-30,3,280
1993-12-31,3,280
1994-01-01,3,280
1994-01-02,3,281
1994-01-03,3,282
1994-01-04,3,282
1994-01-05,3,282
1994-01-06,3,283
1994-01-07,3,283
1994-01-08,3,283
1994-01-09,3,284
1994-01-10,3,285
1994-01-11,3,285
1994-01-12,3,285
1994-01-13,3,286
1994-01-14,3,286
1994-01-15,3,286
1994-01-16,3,287
1994-01-17,3,288
1994-01-18,3,288
1994-01-19,3,288
1994-01-20,3,289
1994-01-21,3,289
1994-01-22,3,289
1994-01-23,3,290
1994-01-24,3,291
1994-01-25,3,291
1994-01-26,3,291
1994-01-27,3,292
1994-01-28,3,292
1994-01-29,3,292
1994-01-30,3,293
1994-01-31,3,294
1994-02-01,3,294
1994-02-02,3,294
1994-02-03,3,295
1994-02-04,3,295
1994-02-05,3,295
1994-02-06,3,296
1994-02-07,3,297
1994-02-08,3,297
1994-02-09,3,297
1994-02-10,3,298
1994-02-11,3,298
1994-02-12,3,298
1994-02-13,3,299
1994-02-14,3,300
1994-02-15,3,300
1994-02-16,3,300
1994-02-17,3,301
1994-02-18,3,301
1994-02-19,3,301
1994-02-20,3,302
1994-02-21,3,303
1994-02-22,3,303
1994-02-23,3,303
1994-02-24,3,304
1994-02-25,3,304
1994-02-26,3,304
1994-02-27,3,305
1994-02-28,3,306
1994-03-01,3,306
1994-03-02,3,306
1994-03-03,3,307
1994-03-04,3,307
1994-03-05,3,307
1994-03-06,3,308
1994-03-07,3,309
1994-03-08,3,309
1994-03-09,3,309
1994-03-10,3,310
1994-03-11,3,310
1994-03-12,3,310
1994-03-13,3,311
1994-03-14,3,312
1994-03-15,3,312
1994-03-16,3,312
1994-03-17,3,313
1994-03-18,3,313
1994-03-19,3,313
1994-03-20,3,314
1994-03-21,3,315
1994-03-22,3,315
1994-03-23,3,315
1994-03-24,3,316
1994-03-25,3,316
1994-03-26,3,316
1994-03-27,3,317
1994-03-28,3,318
1994-03-29,3,318
1994-03-30,3,318
1994-03-31,3,319
1994-04-01,3,319
1994-04-02,3,319
1995-01-01,3,321
1995-01-02,3,322
1995-01-03,3,322
1995-01-04,3,322
1995-01-05,3,323
1995-01-06,3,323
1995-01-07,3,323
1995-01-08,3,324
1995-01-09,3,325
1995-01-10,3,325
1995-01-11,3,325
1995-01-12,3,326
1995-01-13,3,326
1995-01-14,3,326
1995-01-15,3,327
1995-01-16,3,328
1995-01-17,3,328
1995-01-18,3,328
1995-01-19,3,329
1995-01-20,3,329
1995-01-21,3,329
1995-01-22,3,330
1995-01-23,3,331
1995-01-24,3,331
1995-01-25,3,331
1995-01-26,3,332
1995-01-27,3,332
1995-01-28,3,332
1995-01-29,3,333
1995-01-30,3,334
1995-01-31,3,334
1995-02-01,3,334
1995-02-02,3,335
1995-02-03,3,335
1995-02-04,3,335
1995-02-05,3,336
1995-02-06,3,337
1995-02-07,3,337
1995-02-08,3,337
1995-02-09,3,338
1995-02-10,3,338
1995-02-11,3,338
1995-02-12,3,339
1995-02-13,3,340
1995-02-14,3,340
1995-02-15,3,340
1995-02-16,3,341
1995-02-17,3,341
1995-02-18,3,341
1995-02-19,3,342
1995-02-20,3,343
1995-02-21,3,343
1995-02-22,3,343
1995-02-23,3,344
1995-02-24,3,344
1995-02-25,3,344
1995-02-26,3,345
1995-02-27,3,346
1995-02-28,3,346
1995-03-01,3,346
1995-03-02,3,347
1995-03-03,3,347
1995-03-04,3,347
1995-03-05,3,348
1995-03-06,3,349
1995-03-07,3,349
1995-03-08,3,349
1995-03-09,3,350
1995-03-10,3,350
1995-03-11,3,350
1995-03-12,3,352
1995-03-13,3,353
1995-03-14,3,353
1995-03-15,3,353
1995-03-16,3,354
1995-03-17,3,354
1995-03-18,3,354
1995-03-19,3,355
1995-03-20,3,356
1995-03-21,3,356
1995-03-22,3,356
1995-03-23,3,357
1995-03-24,3,357
1995-03-25,3,357
1995-03-26,3,358
1995-03-27,3,359
1995-03-28,3,359
1995-03-29,3,359
1995-03-30,3,360
1995-03-31,3,360
1995-04-01,3,360
1995-04-02,3,361
1995-04-03,3,362
1995-04-04,3,362
1995-04-05,3,362
1995-04-06,3,363
1995-04-07,3,363
1995-04-08,3,363
1995-04-09,3,364
1995-04-10,3,365
1995-04-11,3,365
1995-04-12,3,365
1995-04-13,3,366
1995-04-14,3,366
1995-04-15,3,366
1995-04-16,3,367
1995-04-17,3,368
1995-04-18,3,368
1995-04-19,3,368
1995-04-20,3,369
1995-04-21,3,369
1995-04-22,3,369
1995-04-23,3,370
1995-04-24,3,371
1995-04-25,3,371
1995-04-26,3,371
1995-04-27,3,372
1995-04-28,3,372
1995-04-29,3,372
1995-04-30,3,373
1995-05-01,3,374
1995-05-02,3,374
1995-05-03,3,374
1995-05-04,3,375
1995-05-05,3,375
1995-05-06,3,375
1995-05-07,3,376
1995-05-08,3,377
1995-05-09,3,377
1995-05-10,3,377
1995-05-11,3,378
1995-05-12,3,378
1995-05-13,3,378
1995-05-14,3,379
1995-05-15,3,380
1995-05-16,3,380
1995-05-17,3,380
1995-05-18,3,381
1995-05-19,3,381
1995-05-20,3,381
1995-05-21,3,382
1995-05-22,3,383
1995-05-23,3,383
1995-05-24,3,383
1995-05-25,3,384
1995-05-26,3,384
1995-05-27,3,384
1995-05-28,3,385
1995-05-29,3,386
1995-05-30,3,386
1995-05-31,3,386
1995-06-01,3,387
1995-06-02,3,387
1995-06-03,3,387
1995-06-04,3,389
1995-06-05,3,390
1995-06-06,3,390
1995-06-07,3,390
1995-06-08,3,391
1995-06-09,3,391
1995-06-10,3,391
1995-06-11,3,392
1995-06-12,3,393
1995-06-13,3,393
1995-06-14,3,393
1995-06-15,3,394
1995-06-16,3,394
1995-06-17,3,394
1995-06-18,3,395
1995-06-19,3,396
1995-06-20,3,396
1995-06-21,3,396
1995-06-22,3,397
1995-06-23,3,397
1995-06-24,3,397
1995-06-25,3,398
1995-06-26,3,399
1995-06-27,3,399
1995-06-28,3,399
1995-06-29,3,400
1995-06-30,3,400
1995-07-01,3,400
1995-07-02,3,401
1995-07-03,3,402
1995-07-04,3,402
1995-07-05,3,402
1995-07-06,3,403
1995-07-07,3,403
1995-07-08,3,403
1995-07-09,3,404
1995-07-10,3,405
1995-07-11,3,405
1995-07-12,3,405
1995-07-13,3,407
1995-07-14,3,407
1995-07-15,3,407
1995-07-16,3,408
1995-07-17,3,409
1995-07-18,3,409
1995-07-19,3,409
1995-07-20,3,410
1995-07-21,3,410
1995-07-22,3,410
1995-07-23,3,411
1995-07-24,3,412
1995-07-25,3,412
1995-07-26,3,412
1995-07-27,3,413
1995-07-28,3,413
1995-07-29,3,413
1995-07-30,3,414
1995-07-31,3,415
1995-08-01,3,415
1995-08-02,3,415
1995-08-03,3,416
1995-08-04,3,416
1995-08-05,3,416
1995-08-06,3,417
1995-08-07,3,418
1995-08-08,3,418
1995-08-09,3,418
1995-08-10,3,419
1995-08-11,3,419
1995-08-12,3,419
1995-08-13,3,420
1995-08-14,3,421
1995-08-15,3,421
1995-08-16,3,421
1995-08-17,3,422
1995-08-18,3,422
1995-08-19,3,422
1995-08-20,3,423
1995-08-21,3,424
1995-08-22,3,424
1995-08-23,3,424
1995-08-24,3,425
1995-08-25,3,425
1995-08-26,3,425
1995-08-27,3,426
1995-08-28,3,427
1995-08-29,3,427
1995-08-30,3,427
1995-08-31,3,428
1995-09-01,3,428
1995-09-02,3,428
1995-09-03,3,429
1995-09-04,3,430
1995-09-05,3,430
1995-09-06,3,430
1995-09-07,3,431
1995-09-08,3,431
1995-09-09,3,431
1995-09-10,3,432
1995-09-11,3,433
1995-09-12,3,433
1995-09-13,3,433
1995-09-14,3,434
1995-09-15,3,434
1995-09-16,3,434
1995-09-17,3,435
1995-09-18,3,436
1995-09-19,3,436
1995-09-20,3,436
1995-09-21,3,437
1995-09-22,3,437
1995-09-23,3,437
1995-09-24,3,438
1995-09-25,3,439
1995-09-26,3,439
1995-09-27,3,439
1995-09-28,3,440
1995-09-29,3,440
1995-09-30,3,440
1995-10-01,3,441
1995-10-02,3,442
1995-10-03,3,442
1995-10-04,3,442
1995-10-05,3,443
1995-10-06,3,443
1995-10-07,3,443
1995-10-08,3,444
1995-10-09,3,445
1995-10-10,3,445
1995-10-11,3,445
1995-10-12,3,446
1995-10-13,3,446
1995-10-14,3,446
1995-10-15,3,447
1995-10-16,3,448
1995-10-17,3,448
1995-10-18,3,448
1995-10-19,3,449
1995-10-20,3,449
1995-10-21,3,449
1995-10-22,3,450
1995-10-23,3,451
1995-10-24,3,451
1995-10-25,3,451
1995-10-26,3,452
1995-10-27,3,452
1995-10-28,3,452
1995-10-29,3,453
1995-10-30,3,454
1995-10-31,3,454
1995-11-01,3,454
1995-11-02,3,455
1995-11-03,3,455
1995-11-04,3,455
1995-11-05,3,456
1995-11-06,3,457
1995-11-07,3,457
1995-11-08,3,457
1995-11-09,3,458
1995-11-10,3,458
1995-11-11,3,458
1995-11-12,3,459
1995-11-13,3,460
1995-11-14,3,460
1995-11-15,3,460
1995-11-16,3,461
1995-11-17,3,461
1995-11-18,3,461
1995-11-19,3,462
1995-11-20,3,463
1995-11-21,3,463
1995-11-22,3,463
1995-11-23,3,464
1995-11-24,3,464
1995-11-25,3,464
1995-11-26,3,465
1995-11-27,3,466
1995-11-28,3,466
1995-11-29,3,466
1995-11-30,3,467
1995-12-01,3,467
1995-12-02,3,467
1995-12-03,3,468
1995-12-04,3,469
1995-12-05,3,469
1995-12-06,3,469
1995-12-07,3,470
1995-12-08,3,470
1995-12-09,3,470
1995-12-10,3,471
1995-12-11,3,472
1995-12-12,3,472
1995-12-13,3,472
1995-12-14,3,473
1995-12-15,3,473
1995-12-16,3,473
1995-12-17,3,474
1995-12-18,3,475
1995-12-19,3,475
1995-12-20,3,475
1995-12-21,3,476
1995-12-22,3,476
1995-12-23,3,476
1995-12-24,3,477
1995-12-25,3,478
1995-12-26,3,478
1995-12-27,3,478
1995-12-28,3,479
1995-12-29,3,479
1995-12-30,3,479
1995-12-31,3,481
